City_ID,City,Country,Lat,Lng,Max Temp,Humidity,Cloudiness,Wind Speed,Current Description
0,Janakpur,NP,26.7183,85.9065,66.18,40,0,6.55,clear sky
1,Lorengau,PG,-2.0226,147.2712,81.54,74,95,1.9,overcast clouds
2,Kyaukse,MM,21.6,96.1333,78.66,37,10,4.23,clear sky
3,Ushuaia,AR,-54.8,-68.3,49.66,62,0,14.97,clear sky
4,Bluff,NZ,-46.6,168.3333,62.8,69,100,10.98,overcast clouds
5,Busselton,AU,-33.65,115.3333,70.61,52,66,9.89,broken clouds
6,Portland,US,45.5234,-122.6762,52.61,41,75,3.44,broken clouds
7,Hauterive,FR,46.0901,3.4459,48.96,74,94,8.43,overcast clouds
8,Esso,RU,55.9333,158.7,24.13,94,100,2.21,overcast clouds
9,Punta Arenas,CL,-53.15,-70.9167,51.91,66,75,9.22,broken clouds
10,Pacific Grove,US,36.6177,-121.9166,68.54,50,0,9.22,clear sky
11,Half Moon Bay,US,37.4636,-122.4286,70.02,25,0,11.5,clear sky
12,Riyadh,SA,24.6877,46.7219,86.14,14,38,17.34,scattered clouds
13,Ahipara,NZ,-35.1667,173.1667,71.73,66,42,9.64,scattered clouds
14,Avarua,CK,-21.2078,-159.775,82.45,83,75,9.22,broken clouds
15,Dikson,RU,73.5069,80.5464,-13.38,99,79,13.18,broken clouds
16,Kaitangata,NZ,-46.2817,169.8464,66.92,59,64,6.24,broken clouds
17,Kyzyl,RU,51.7,94.45,17.67,95,100,2.42,light snow
18,Tasiilaq,GL,65.6145,-37.6368,22.44,88,100,15.99,snow
19,Cape Town,ZA,-33.9258,18.4232,69.12,69,0,9.22,clear sky
20,Mexico,PH,15.0646,120.7198,75.0,80,100,4.65,overcast clouds
21,Provideniya,RU,64.3833,-173.3,19.51,68,0,35.99,clear sky
22,Severo-Kurilsk,RU,50.6789,156.125,30.15,94,100,17.72,light snow
23,Vaini,TO,-21.2,-175.2,78.96,89,75,6.91,thunderstorm
24,Rikitea,PF,-23.1203,-134.9692,78.64,70,11,7.43,few clouds
25,Leningradskiy,RU,69.3833,178.4167,8.26,77,2,6.71,clear sky
26,Nanchang,CN,28.6833,115.8833,62.49,72,31,2.73,scattered clouds
27,Potsdam,DE,52.3989,13.0657,38.17,57,49,5.01,scattered clouds
28,Karratha,AU,-20.7377,116.8463,85.28,59,2,1.68,clear sky
29,Port Alfred,ZA,-33.5906,26.891,70.66,84,28,3.33,scattered clouds
30,Port Elizabeth,ZA,-33.918,25.5701,64.69,94,0,2.3,clear sky
31,Burnie,AU,-41.0667,145.9167,57.92,64,2,4.16,clear sky
32,Port-Gentil,GA,-0.7193,8.7815,82.36,89,40,8.05,scattered clouds
33,Naron,ES,43.5167,-8.1528,59.59,84,97,22.01,moderate rain
34,Meulaboh,ID,4.1363,96.1285,75.07,93,100,5.86,moderate rain
35,Tena,EC,-0.9833,-77.8167,71.76,87,96,0.63,light rain
36,Saskylakh,RU,71.9167,114.0833,-34.37,100,98,3.74,overcast clouds
37,Tessalit,ML,20.1986,1.0114,74.89,15,36,10.56,scattered clouds
38,Grand Gaube,MU,-20.0064,57.6608,79.2,86,7,3.0,clear sky
39,Sambava,MG,-14.2667,50.1667,76.57,92,100,5.32,light rain
40,Mataura,NZ,-46.1927,168.8643,62.47,65,100,5.28,light rain
41,Yulara,AU,-25.2406,130.9889,62.44,36,26,4.61,scattered clouds
42,Atuona,PF,-9.8,-139.0333,78.75,73,25,16.73,scattered clouds
43,Norman Wells,CA,65.282,-126.8329,-3.96,65,75,8.05,broken clouds
44,Santa Helena,BR,-2.2311,-45.3,74.64,97,100,2.48,light rain
45,Mumford,GH,5.2618,-0.759,81.5,88,94,9.78,overcast clouds
46,Jamestown,US,42.097,-79.2353,42.44,31,20,0.0,few clouds
47,Grafton,US,42.207,-71.6856,48.72,45,0,5.75,clear sky
48,Paamiut,GL,61.994,-49.6678,0.72,94,31,13.6,scattered clouds
49,Chokurdakh,RU,70.6333,147.9167,-16.92,100,96,6.13,overcast clouds
50,Ribeira Grande,PT,38.5167,-28.7,57.6,62,40,19.57,scattered clouds
51,Butaritari,KI,3.0707,172.7902,80.55,82,64,16.53,light rain
52,Lasa,IT,46.6166,10.7002,36.01,82,2,2.19,clear sky
53,Sitka,US,57.0531,-135.33,42.69,70,100,9.22,light rain
54,Albany,US,42.6001,-73.9662,43.75,70,87,2.73,overcast clouds
55,Sibolga,ID,1.7427,98.7792,76.14,88,100,2.04,overcast clouds
56,Kununurra,AU,-15.7667,128.7333,76.98,94,96,0.0,overcast clouds
57,Broken Hill,AU,-31.95,141.4333,56.91,47,7,10.36,clear sky
58,Sobinka,RU,55.9855,40.0111,6.24,100,53,3.91,broken clouds
59,Kapaa,US,22.0752,-159.319,82.11,72,0,5.75,clear sky
60,Uwajima,JP,33.2238,132.56,51.24,72,100,5.39,overcast clouds
61,New Norfolk,AU,-42.7826,147.0587,56.91,63,3,2.95,clear sky
62,Khatanga,RU,71.9667,102.5,-19.12,99,100,5.64,overcast clouds
63,Taltal,CL,-25.4,-70.4833,68.99,75,27,6.35,scattered clouds
64,Tuktoyaktuk,CA,69.4541,-133.0374,-18.4,76,100,4.61,overcast clouds
65,Markdale,CA,44.3168,-80.6497,29.93,76,100,8.66,overcast clouds
66,Chuy,UY,-33.6971,-53.4616,68.99,79,100,14.25,overcast clouds
67,Cherskiy,RU,68.75,161.3,10.24,78,100,6.91,overcast clouds
68,Saint George,US,37.1041,-113.5841,49.42,28,20,10.36,few clouds
69,Kota Belud,MY,6.351,116.4305,75.02,87,72,3.06,broken clouds
70,Puerto Narino,CO,-3.7703,-70.3831,78.66,94,99,2.21,overcast clouds
71,Ostrovnoy,RU,68.0531,39.5131,27.27,89,70,17.72,broken clouds
72,Airai,TL,-8.9266,125.4092,59.4,91,60,2.08,broken clouds
73,Mattawa,US,46.7379,-119.9028,47.01,28,69,1.61,broken clouds
74,Cabo San Lucas,MX,22.8909,-109.9124,76.6,47,20,11.5,few clouds
75,Sao Filipe,CV,14.8961,-24.4956,71.82,70,14,12.44,few clouds
76,Stykkisholmur,IS,65.0757,-22.7297,35.24,97,100,5.95,light snow
77,Qaanaaq,GL,77.484,-69.3632,-4.83,66,100,2.39,overcast clouds
78,Matay,EG,28.419,30.7792,53.35,36,1,8.7,clear sky
79,Victoria,HK,22.2855,114.1577,68.32,80,0,8.01,clear sky
80,San Quintin,MX,30.4833,-115.95,61.23,66,29,14.43,scattered clouds
81,Hermanus,ZA,-34.4187,19.2345,67.8,83,0,10.78,clear sky
82,Bredasdorp,ZA,-34.5322,20.0403,63.72,88,0,4.61,clear sky
83,Noumea,NC,-22.2763,166.4572,81.0,99,29,3.89,scattered clouds
84,Saint-Joseph,RE,-21.3667,55.6167,75.58,84,22,7.74,few clouds
85,Turbat,PK,26.0023,63.044,74.73,50,0,1.52,clear sky
86,Te Anau,NZ,-45.4167,167.7167,66.79,65,81,6.6,light rain
87,Novaya Igirma,RU,57.1334,103.9112,-9.17,100,98,1.19,overcast clouds
88,Road Town,VG,18.4167,-64.6167,80.69,69,40,11.5,scattered clouds
89,Jacqueville,CI,5.2052,-4.4146,81.43,88,95,12.41,overcast clouds
90,Phuket,TH,8.0,98.25,77.22,88,20,3.44,few clouds
91,Saint-Philippe,RE,-21.3585,55.7679,76.59,86,39,7.74,scattered clouds
92,Yellowknife,CA,62.456,-114.3525,-0.58,62,0,16.11,clear sky
93,Arinos,BR,-15.9169,-46.1056,78.13,52,94,3.02,overcast clouds
94,Los Llanos De Aridane,ES,28.6585,-17.9182,58.75,82,0,3.44,clear sky
95,Castro,BR,-24.7911,-50.0119,66.99,94,92,1.74,moderate rain
96,Khandyga,RU,62.6667,135.6,-0.13,98,100,2.71,overcast clouds
97,Sarangpur,IN,23.5667,76.4667,71.71,34,10,7.02,clear sky
98,Beyneu,KZ,45.3167,55.2,43.11,92,100,3.62,overcast clouds
99,Pimenta Bueno,BR,-11.6725,-61.1936,75.99,95,99,1.83,light rain
100,Ponta Do Sol,PT,32.6667,-17.1,66.06,82,82,7.58,broken clouds
101,Clyde River,CA,70.4692,-68.5914,-18.17,76,0,2.3,clear sky
102,Shenkursk,RU,62.1091,42.896,17.46,94,99,6.82,overcast clouds
103,Yenagoa,NG,4.9247,6.2642,80.24,85,95,6.02,overcast clouds
104,Garissa,KE,-0.4536,39.6401,79.75,61,25,13.67,scattered clouds
105,Mount Gambier,AU,-37.8333,140.7667,42.71,93,45,2.3,scattered clouds
106,Perbaungan,ID,3.5679,98.956,77.11,94,100,3.24,overcast clouds
107,Arraial Do Cabo,BR,-22.9661,-42.0278,78.76,83,0,19.57,clear sky
108,Paratebueno,CO,4.3758,-73.2155,87.73,51,96,2.55,overcast clouds
109,Tarbes,FR,43.25,0.1667,51.91,87,0,3.44,clear sky
110,Puro,PH,12.4841,123.3827,77.43,88,69,8.43,broken clouds
111,Esperance,AU,-33.8667,121.9,60.64,78,99,12.08,overcast clouds
112,Mar Del Plata,AR,-38.0023,-57.5575,68.02,63,0,12.66,clear sky
113,Champerico,GT,14.3,-91.9167,82.94,55,1,11.83,clear sky
114,Codrington,AU,-38.2667,141.9667,60.04,64,71,6.98,broken clouds
115,Tiksi,RU,71.6872,128.8694,-19.34,100,100,2.77,overcast clouds
116,Vardo,NO,70.3705,31.1107,30.18,80,93,27.63,overcast clouds
117,Fortuna,US,40.5982,-124.1573,60.85,64,0,13.8,clear sky
118,Bambous Virieux,MU,-20.3428,57.7575,79.05,89,40,4.61,scattered clouds
119,Buraydah,SA,26.326,43.975,81.05,20,100,14.85,overcast clouds
120,Okato,NZ,-39.2,173.8833,71.91,61,25,13.62,scattered clouds
121,Shinshiro,JP,34.9,137.5,43.45,50,7,4.85,clear sky
122,Bethel,US,41.3712,-73.414,47.89,63,97,1.59,overcast clouds
123,Georgetown,MY,5.4112,100.3354,80.53,93,20,5.01,few clouds
124,Pokrovsk,UA,48.282,37.1758,16.23,92,88,8.95,overcast clouds
125,Iqaluit,CA,63.7506,-68.5145,-5.31,76,75,3.44,broken clouds
126,Port Hedland,AU,-20.3167,118.5667,80.65,74,40,0.0,scattered clouds
127,Algiers,DZ,36.7525,3.042,51.62,94,0,4.61,clear sky
128,Ongandjera,NA,-17.8833,15.0667,78.58,52,42,6.44,light rain
129,Kavieng,PG,-2.5744,150.7967,82.24,73,100,4.23,overcast clouds
130,Mastic Beach,US,40.7668,-72.8521,48.45,77,0,8.05,clear sky
131,Nikolskoye,RU,59.7035,30.7861,23.72,86,21,6.93,few clouds
132,Sawang Daen Din,TH,17.4753,103.4575,72.18,86,62,7.45,broken clouds
133,Carnarvon,AU,-24.8667,113.6333,75.27,88,0,3.44,clear sky
134,Sao Felix Do Xingu,BR,-6.6447,-51.995,73.99,91,97,2.21,overcast clouds
135,Salalah,OM,17.0151,54.0924,72.27,56,0,1.12,clear sky
136,Barrow,US,71.2906,-156.7887,-14.78,91,0,4.61,clear sky
137,Puerto Suarez,BO,-18.95,-57.8,89.96,74,75,4.61,thunderstorm
138,Mahebourg,MU,-20.4081,57.7,79.09,89,40,4.61,scattered clouds
139,Kruisfontein,ZA,-34.0033,24.7314,64.99,90,0,4.59,clear sky
140,Hilo,US,19.7297,-155.09,82.13,69,20,10.36,few clouds
141,Suntar,RU,62.1444,117.6319,-18.0,98,95,3.0,overcast clouds
142,Nuuk,GL,64.1835,-51.7216,-8.1,90,51,6.8,broken clouds
143,Lavrentiya,RU,65.5833,-171.0,9.18,69,0,16.06,clear sky
144,Tanout,NE,14.9709,8.8879,74.19,18,10,13.38,clear sky
145,Puerto Del Rosario,ES,28.5004,-13.8627,64.15,68,20,12.66,few clouds
146,Necochea,AR,-38.5473,-58.7368,64.58,56,65,11.34,broken clouds
147,Nangomba,TZ,-10.9,38.5,72.41,96,99,3.71,overcast clouds
148,Marienburg,PL,54.0359,19.0266,29.88,51,17,8.08,few clouds
149,Langxiang,CN,46.95,128.8833,20.91,78,3,9.26,clear sky
150,East London,ZA,-33.0153,27.9116,71.04,86,11,5.39,few clouds
151,Saldanha,ZA,-33.0117,17.9442,64.45,89,0,9.48,clear sky
152,Pouebo,NC,-20.4,164.5667,82.4,64,67,3.09,broken clouds
153,Teofilo Otoni,BR,-17.8575,-41.5053,71.67,90,42,2.15,scattered clouds
154,Novoagansk,RU,61.9449,76.6625,-15.29,96,81,6.35,broken clouds
155,Biak,ID,-0.9131,122.8766,76.44,87,48,0.56,scattered clouds
156,Hobart,AU,-42.8794,147.3294,58.26,68,75,10.36,broken clouds
157,Kichera,RU,55.9375,110.0997,2.89,96,92,1.41,overcast clouds
158,Almenara,BR,-16.1836,-40.6944,76.75,81,95,4.5,light rain
159,Patu,BR,-6.11,-37.6367,82.06,67,98,8.46,overcast clouds
160,Faya,SA,18.3851,42.4509,62.71,54,50,4.34,scattered clouds
161,San Patricio,US,28.017,-97.5169,70.54,70,100,7.18,overcast clouds
162,Narsaq,GL,60.9167,-46.05,-0.69,78,0,4.92,clear sky
163,Souillac,MU,-20.5167,57.5167,79.18,89,40,4.61,scattered clouds
164,Wachtberg,DE,50.6213,7.1259,48.0,44,5,7.47,clear sky
165,Torbay,CA,47.6666,-52.7314,33.58,77,75,24.16,broken clouds
166,Aneho,TG,6.2333,1.6,84.4,84,100,12.21,overcast clouds
167,Ballina,AU,-28.8667,153.5667,67.96,96,75,1.14,broken clouds
168,Talnakh,RU,69.4865,88.3972,-23.8,98,59,7.56,broken clouds
169,Upernavik,GL,72.7868,-56.1549,-12.35,98,80,3.04,broken clouds
170,Sur,OM,22.5667,59.5289,78.35,46,0,7.83,clear sky
171,Piacabucu,BR,-10.4056,-36.4344,79.45,79,54,9.75,broken clouds
172,Cape Canaveral,US,28.4058,-80.6048,72.99,86,40,25.32,moderate rain
173,Porto Walter,BR,-8.2686,-72.7439,78.48,78,98,2.55,overcast clouds
174,Guaruja,BR,-23.9931,-46.2564,85.86,70,0,3.44,clear sky
175,Hasaki,JP,35.7333,140.8333,39.6,68,100,12.1,overcast clouds
176,Binga,ZW,-17.6203,27.3414,72.0,79,21,1.66,few clouds
177,Fairbanks,US,64.8378,-147.7164,23.09,64,100,11.5,overcast clouds
178,Tura,IN,25.5198,90.2201,67.33,27,8,2.48,clear sky
179,Ambanja,MG,-13.6833,48.45,74.77,95,100,3.29,moderate rain
180,Umkomaas,ZA,-30.2067,30.7978,75.6,86,26,7.36,scattered clouds
181,Santa Lucia,ES,27.9117,-15.5407,54.77,63,20,16.11,few clouds
182,Hithadhoo,MV,-0.6,73.0833,81.59,61,19,2.51,few clouds
183,Bure,ET,10.7,37.0667,71.11,23,98,5.19,overcast clouds
184,Warrington,GB,53.3925,-2.5802,54.86,81,75,11.5,broken clouds
185,Meghri,AM,38.9029,46.2446,40.26,88,65,3.36,broken clouds
186,Marsa Matruh,EG,31.3525,27.2453,52.0,71,40,23.02,scattered clouds
187,Yar-Sale,RU,66.8333,70.8333,-16.28,100,93,6.98,overcast clouds
188,Heinola,FI,61.2056,26.0381,28.0,91,100,8.66,overcast clouds
189,Tromso,NO,69.6496,18.957,37.42,81,75,19.57,light intensity shower rain
190,Ostersund,SE,63.1792,14.6357,34.25,69,0,5.75,clear sky
191,Tongzi,CN,28.7829,105.0877,66.69,69,3,1.32,clear sky
192,Lebu,CL,-37.6167,-73.65,59.76,81,15,22.59,few clouds
193,Nouadhibou,MR,20.931,-17.0347,69.78,64,0,18.41,clear sky
194,Batagay-Alyta,RU,67.8006,130.4114,-7.31,87,100,1.03,overcast clouds
195,Leh,IN,34.1667,77.5833,4.59,67,48,2.93,scattered clouds
196,Manaure,CO,11.7751,-72.4445,84.25,63,80,16.24,broken clouds
197,Agadez,NE,19.75,10.25,67.57,20,1,10.33,clear sky
198,Gao,ML,16.6362,1.637,79.66,9,30,10.27,scattered clouds
199,La Primavera,CO,5.4906,-70.4092,89.19,44,100,9.71,overcast clouds
200,Puerto Ayora,EC,-0.7393,-90.3518,85.96,84,72,3.0,broken clouds
201,Cap Malheureux,MU,-19.9842,57.6142,78.48,86,6,4.0,clear sky
202,Huilong,CN,31.8111,121.655,53.92,92,60,4.61,broken clouds
203,Cabedelo,BR,-6.9811,-34.8339,81.27,77,99,14.36,overcast clouds
204,Lompoc,US,34.6391,-120.4579,75.69,60,0,20.0,clear sky
205,Santa Vitoria Do Palmar,BR,-33.5189,-53.3681,69.3,81,100,13.96,moderate rain
206,Barcelos,PT,41.5388,-8.6151,57.34,92,95,21.7,overcast clouds
207,Raymond,US,43.9015,-70.4703,45.52,80,55,2.89,broken clouds
208,Oum Hadjer,TD,13.2954,19.6966,85.01,14,35,17.87,scattered clouds
209,Kanye,BW,-24.9667,25.3327,69.49,59,81,4.61,broken clouds
210,Pisco,PE,-13.7,-76.2167,75.25,69,0,21.85,moderate rain
211,Chumikan,RU,54.7183,135.315,15.84,95,100,11.54,snow
212,Ixtapa,MX,20.7,-105.2,82.02,39,15,8.16,few clouds
213,Mount Pleasant,US,32.7941,-79.8626,60.01,91,100,8.05,overcast clouds
214,Elat,IL,29.5581,34.9482,62.44,29,40,20.71,scattered clouds
215,Muroto,JP,33.2833,134.15,55.8,63,100,5.39,overcast clouds
216,Eyemouth,GB,55.8713,-2.0901,51.24,86,50,11.63,scattered clouds
217,Bouna,CI,9.2667,-3.0,86.25,15,69,0.83,broken clouds
218,Kodiak,US,57.79,-152.4072,42.31,87,100,8.05,overcast clouds
219,Guerrero Negro,MX,27.9769,-114.0611,67.06,42,31,13.62,scattered clouds
220,Carutapera,BR,-1.195,-46.02,76.14,91,100,4.52,overcast clouds
221,Cockburn Town,TC,21.4612,-71.1419,82.36,69,40,11.5,scattered clouds
222,Boguchany,RU,58.3814,97.4531,-19.8,100,97,0.72,overcast clouds
223,Berlevag,NO,70.8578,29.0864,37.35,70,75,31.07,broken clouds
224,Lata,PT,40.1629,-8.3327,56.91,92,100,9.71,overcast clouds
225,Alice Springs,AU,-23.7,133.8833,63.21,50,50,2.3,scattered clouds
226,Lisakovsk,KZ,52.5369,62.4936,4.08,97,100,11.1,overcast clouds
227,Fomboni,KM,-12.28,43.7425,81.73,80,100,14.14,light rain
228,Kidal,ML,18.4411,1.4078,77.79,12,23,9.22,few clouds
229,Vanimo,PG,-2.6741,141.3028,77.59,85,99,2.89,overcast clouds
230,Nioro,GM,13.35,-15.75,79.99,32,43,9.55,scattered clouds
231,Awbari,LY,26.5921,12.7805,52.93,25,4,7.94,clear sky
232,Nelson Bay,AU,-32.7167,152.15,70.0,92,47,1.99,light rain
233,Saint-Augustin,CA,51.226,-58.6502,26.67,88,100,11.5,overcast clouds
234,Port Macquarie,AU,-31.4333,152.9167,68.9,65,94,7.23,overcast clouds
235,Sinnamary,GF,5.3833,-52.95,77.32,85,40,10.42,scattered clouds
236,Oranjemund,NA,-28.55,16.4333,75.85,67,98,4.85,overcast clouds
237,Genhe,CN,50.7833,121.5167,14.59,81,100,7.99,overcast clouds
238,Cayenne,GF,4.9333,-52.3333,82.09,56,20,4.61,few clouds
239,Okhotsk,RU,59.3833,143.3,18.72,96,100,5.12,overcast clouds
240,Carbonia,IT,39.1672,8.5222,50.65,81,99,6.49,overcast clouds
241,Tulum,MX,20.2167,-87.4667,83.01,65,19,8.97,few clouds
242,Jaumave,MX,23.4167,-99.3833,86.36,22,0,3.58,clear sky
243,Kitakyushu,JP,33.8333,130.8333,48.18,87,0,4.61,clear sky
244,Derzhavinsk,KZ,51.1,66.3167,6.69,95,100,14.56,overcast clouds
245,Empoli,IT,43.7175,10.9414,48.97,84,13,0.4,few clouds
246,Thompson,CA,55.7435,-97.8558,5.16,51,75,14.97,broken clouds
247,Obera,AR,-27.4871,-55.1199,70.12,99,100,4.16,moderate rain
248,Yakima,US,46.4665,-120.6678,45.84,35,0,5.75,clear sky
249,Bandarbeyla,SO,9.4942,50.8122,75.92,71,100,9.08,overcast clouds
250,Yarim,YE,14.298,44.3779,57.31,44,95,2.08,overcast clouds
251,Wonthaggi,AU,-38.6044,145.5913,56.82,65,99,6.31,overcast clouds
252,Morro Bay,US,35.3658,-120.8499,73.26,52,0,8.01,clear sky
253,Katsuura,JP,35.1333,140.3,54.59,65,82,8.1,broken clouds
254,Bac Lieu,VN,9.285,105.7244,76.71,79,99,12.41,overcast clouds
255,Nemuro,JP,43.3236,145.575,31.28,92,68,10.04,broken clouds
256,Pionerskiy,RU,54.9508,20.2275,24.75,60,71,12.06,broken clouds
257,Diffa,NE,13.3154,12.6113,81.28,22,3,14.92,clear sky
258,Campbell River,CA,50.0163,-125.2446,42.46,65,100,4.61,overcast clouds
259,Lixourion,GR,38.2019,20.4314,45.82,58,63,11.86,broken clouds
260,Ancud,CL,-41.8697,-73.8203,61.23,79,30,5.7,scattered clouds
261,Atambua,ID,-9.1061,124.8925,73.4,89,80,2.77,broken clouds
262,College,US,64.8569,-147.8028,22.98,66,100,11.5,overcast clouds
263,Longyearbyen,SJ,78.2186,15.6401,22.84,68,75,11.5,broken clouds
264,Bonavista,CA,48.6499,-53.1147,30.88,82,97,10.38,overcast clouds
265,Tiznit,MA,29.5833,-9.5,54.05,78,1,0.96,clear sky
266,Lucea,JM,18.451,-78.1736,82.26,75,13,9.53,few clouds
267,Deputatskiy,RU,69.3,139.9,-6.25,98,100,0.85,overcast clouds
268,Luderitz,NA,-26.6481,15.1594,72.03,69,91,2.33,overcast clouds
269,Walvis Bay,NA,-22.9575,14.5053,63.55,88,14,2.3,few clouds
270,Mamontovo,RU,52.7055,81.6244,5.04,96,99,5.79,overcast clouds
271,Coihaique,CL,-45.5752,-72.0662,66.81,52,40,9.22,scattered clouds
272,Westport,US,41.1415,-73.3579,48.56,61,99,4.0,overcast clouds
273,Cuamba,MZ,-14.8031,36.5372,70.11,90,100,3.96,overcast clouds
274,Mandalgovi,MN,45.7625,106.2708,26.28,45,9,9.73,clear sky
275,Dubbo,AU,-32.25,148.6167,64.53,72,40,13.8,scattered clouds
276,Kathmandu,NP,27.7167,85.3167,57.42,88,20,2.3,few clouds
277,Ossora,RU,59.2353,163.0719,16.68,85,30,6.35,scattered clouds
278,Methoni,GR,36.8197,21.7049,40.86,70,78,6.64,broken clouds
279,Kutum,SD,14.2,24.6667,69.73,24,80,18.66,broken clouds
280,Viedma,AR,-40.8135,-62.9967,63.32,52,27,12.17,scattered clouds
281,Gazanjyk,TM,39.2446,55.5154,49.51,68,12,5.37,few clouds
282,Eyrarbakki,IS,63.863,-21.1481,41.05,93,100,18.52,overcast clouds
283,Mingshui,CN,36.7167,117.5,54.07,54,0,3.76,clear sky
284,Gryazi,RU,52.4966,39.9359,10.62,83,99,16.58,overcast clouds
285,Karakol,KG,42.4907,78.3936,33.66,57,91,4.05,overcast clouds
286,Mogzon,RU,51.7435,111.9606,-7.26,98,6,1.01,clear sky
287,Kavaratti,IN,10.5669,72.642,82.11,73,1,7.47,clear sky
288,Lalsot,IN,26.5667,76.3333,68.56,34,2,5.32,clear sky
289,Masvingo,ZW,-20.0637,30.8277,63.61,67,68,5.44,broken clouds
290,Olafsvik,IS,64.8945,-23.7142,38.8,92,100,15.14,overcast clouds
291,Ravar,IR,31.2656,56.8055,72.91,25,99,23.4,overcast clouds
292,Chicama,PE,-7.8447,-79.1469,68.54,60,17,10.2,few clouds
293,Usolye,RU,59.4268,56.6808,-10.25,98,55,3.6,broken clouds
294,Asmara,ER,15.3333,38.9333,63.37,43,54,4.05,broken clouds
295,Limon,CR,10.0,-83.0333,84.09,61,0,2.3,clear sky
296,Fort Nelson,CA,58.8053,-122.7002,9.99,44,100,8.05,overcast clouds
297,Mizdah,LY,31.4451,12.9801,50.14,56,100,8.43,overcast clouds
298,Charters Towers,AU,-20.1,146.2667,80.15,79,96,10.13,overcast clouds
299,Hami,CN,42.8,93.45,46.92,44,100,11.63,overcast clouds
300,Hofn,IS,64.2539,-15.2082,44.55,94,100,28.95,light rain
301,Petropavlovsk-Kamchatskiy,RU,53.0452,158.6483,34.39,60,75,13.42,broken clouds
302,Beaverlodge,CA,55.2166,-119.4361,13.35,80,100,5.5,overcast clouds
303,Ilulissat,GL,69.2167,-51.1,-16.76,94,74,5.97,broken clouds
304,Bilma,NE,18.6853,12.9164,72.34,21,15,13.4,few clouds
305,Syamzha,RU,60.0158,41.0614,16.23,95,100,4.97,overcast clouds
306,Saint Simons,US,31.1352,-81.3901,69.85,78,75,0.0,broken clouds
307,Avera,US,33.194,-82.5271,56.37,82,93,8.88,overcast clouds
308,Armidale,AU,-30.5167,151.65,56.26,89,96,5.86,overcast clouds
309,Padang,ID,-0.9492,100.3543,76.73,86,93,3.78,moderate rain
310,Cidreira,BR,-30.1811,-50.2056,75.06,90,92,6.82,overcast clouds
311,Moba,CN,33.2288,105.0179,47.59,94,2,4.7,clear sky
312,Brufut,GM,13.3814,-16.7518,69.89,68,86,6.91,overcast clouds
313,Husavik,IS,66.0449,-17.3389,37.47,87,100,10.4,overcast clouds
314,Boyolangu,ID,-8.1181,111.8935,75.02,92,100,1.95,overcast clouds
315,Wuwei,CN,37.9281,102.6414,44.46,45,99,3.15,overcast clouds
316,Ikom,NG,5.9667,8.7063,82.22,72,65,4.25,broken clouds
317,Ginir,ET,7.1333,40.7,59.97,48,70,3.83,broken clouds
318,Nogir,RU,43.0816,44.6365,28.87,80,97,15.66,light snow
319,Richards Bay,ZA,-28.783,32.0377,73.02,89,11,2.17,few clouds
320,Cowra,AU,-33.8333,148.6833,63.95,63,20,7.09,few clouds
321,Chum Phae,TH,16.5443,102.0992,79.16,59,10,2.15,clear sky
322,Acapulco,MX,16.8634,-99.8901,84.0,55,0,11.65,clear sky
323,Maceio,BR,-9.6658,-35.7353,80.04,78,75,8.05,broken clouds
324,Barinitas,VE,8.7622,-70.4111,78.62,70,93,3.0,overcast clouds
325,Itarema,BR,-2.9248,-39.9167,79.68,80,100,9.42,moderate rain
326,Sorland,NO,67.667,12.6934,42.33,85,100,19.3,overcast clouds
327,Geraldton,AU,-28.7667,114.6,64.81,59,5,0.0,clear sky
328,Sao Gabriel,BR,-30.3364,-54.32,70.3,89,85,7.23,light rain
329,Gizo,SB,-8.103,156.8419,82.92,74,55,5.68,broken clouds
330,Choix,MX,26.7092,-108.3219,81.32,7,88,10.02,overcast clouds
331,Zachepylivka,UA,49.1939,35.2394,18.01,88,100,15.41,overcast clouds
332,Mount Isa,AU,-20.7333,139.5,80.37,28,27,4.61,scattered clouds
333,Sabang,ID,5.8933,95.3214,82.17,73,95,7.74,moderate rain
334,Vorobyevka,RU,50.6451,40.9245,17.62,92,100,16.51,light snow
335,Turochak,RU,52.2576,87.1224,17.04,96,100,2.95,light snow
336,Teya,RU,60.3778,92.6267,-25.92,100,98,2.42,overcast clouds
337,Hambantota,LK,6.1241,81.1185,75.54,100,20,3.44,few clouds
338,Kiama,AU,-34.6833,150.8667,69.01,75,53,8.28,broken clouds
339,Hajnowka,PL,52.7433,23.5812,19.02,64,0,1.01,clear sky
340,Nabire,ID,-3.3667,135.4833,76.12,92,100,0.96,overcast clouds
341,Acheng,CN,45.5454,126.977,23.59,67,3,10.8,clear sky
342,Coquimbo,CL,-29.9533,-71.3436,65.93,72,20,12.66,few clouds
343,Palmer,US,42.1584,-72.3287,46.2,48,96,1.32,overcast clouds
344,Aklavik,CA,68.2191,-135.0107,-5.8,71,100,3.44,overcast clouds
345,Samarai,PG,-10.6167,150.6667,83.43,74,66,8.28,broken clouds
346,Asau,RO,46.4333,26.4,23.95,78,100,8.3,overcast clouds
347,Dalbandin,PK,28.8947,64.4101,72.99,30,28,3.2,scattered clouds
348,Bouar,CF,5.934,15.596,74.05,58,100,1.34,overcast clouds
349,Itoman,JP,26.1247,127.6694,66.4,63,75,8.05,broken clouds
350,Conakry,GN,9.538,-13.6773,80.67,74,5,6.91,haze
351,Atherton,GB,53.5237,-2.4935,54.28,78,100,4.0,overcast clouds
352,Port Lincoln,AU,-34.7333,135.8667,62.82,79,22,11.14,few clouds
353,Beringovskiy,RU,63.05,179.3167,6.76,73,1,16.71,clear sky
354,Clarence Town,AU,-32.5833,151.7833,66.81,75,42,1.1,scattered clouds
355,Korla,CN,41.7597,86.1469,48.27,33,2,9.22,clear sky
356,Vostok,RU,46.4856,135.8833,22.89,95,50,5.97,scattered clouds
357,Ouango,CF,4.3133,22.5552,75.18,70,97,2.3,overcast clouds
358,Wuxi,CN,31.5689,120.2886,57.94,82,64,5.17,broken clouds
359,Stary Sacz,PL,49.5636,20.635,22.89,95,19,2.73,few clouds
360,Kenai,US,60.5544,-151.2583,36.03,92,100,19.57,light snow
361,Bay Roberts,CA,47.5999,-53.2648,34.34,69,73,14.0,broken clouds
362,Nanortalik,GL,60.1432,-45.2371,9.75,73,1,8.25,clear sky
363,Dor Marunt,RO,44.45,26.9167,26.65,57,4,13.02,clear sky
364,Ozernovskiy,RU,51.5,156.5167,28.62,97,100,8.12,light snow
365,Pecos,US,31.4229,-103.4932,66.29,11,0,5.75,clear sky
366,Villamaria,CO,5.0449,-75.5146,75.67,73,40,4.61,scattered clouds
367,Djenne,ML,13.9061,-4.5533,86.05,8,3,10.49,clear sky
368,Vincennes,FR,48.85,2.4333,53.89,65,0,3.44,clear sky
369,Tchamba,TG,9.0333,1.4167,86.23,18,98,3.67,overcast clouds
370,Covington,US,39.0837,-84.5086,55.11,45,11,2.84,few clouds
371,Constantine,DZ,36.365,6.6147,47.61,76,40,2.3,scattered clouds
372,Merauke,ID,-8.4667,140.3333,78.64,86,100,10.31,overcast clouds
373,Santa Isabel Do Rio Negro,BR,-0.4139,-65.0192,78.22,93,75,2.89,broken clouds
374,Kaluga,RU,54.5,35.5,10.72,93,11,6.8,few clouds
375,Pinheiro Machado,BR,-31.5783,-53.3811,65.59,93,100,5.08,light rain
376,Nome,US,64.5011,-165.4064,24.12,78,0,27.0,clear sky
377,Flinders,AU,-34.5833,150.8552,65.05,82,66,5.01,broken clouds
378,Sembakung,ID,3.8167,117.25,73.29,99,82,1.07,broken clouds
379,Raudeberg,NO,61.9875,5.1352,47.07,67,72,17.29,broken clouds
380,Pevek,RU,69.7008,170.3133,11.88,67,1,11.07,clear sky
381,Danville,US,36.586,-79.395,50.65,66,98,1.01,overcast clouds
382,Liverpool,GB,53.4106,-2.9779,53.29,85,75,11.5,broken clouds
383,Pitimbu,BR,-7.4706,-34.8086,81.19,72,98,14.9,overcast clouds
384,Port Keats,AU,-14.25,129.55,82.15,84,79,3.0,broken clouds
385,Komsomolskiy,UZ,40.4272,71.7189,48.92,81,80,9.22,broken clouds
386,Margate,GB,51.3813,1.3862,51.87,72,18,4.0,few clouds
387,Bafra,TR,41.5678,35.9069,40.82,81,100,9.84,overcast clouds
388,Akdepe,TM,42.0551,59.3788,48.29,76,14,8.63,few clouds
389,Saint-Louis,SN,16.3333,-15.0,83.84,8,35,11.65,scattered clouds
390,Tsaratanana,MG,-16.7833,47.65,72.03,94,100,3.36,light rain
391,Faanui,PF,-16.4833,-151.75,81.12,71,39,12.68,light rain
392,Aquiraz,BR,-3.9014,-38.3911,84.29,82,100,8.39,overcast clouds
393,Afonso Bezerra,BR,-5.4983,-36.5056,84.36,60,100,9.66,heavy intensity rain
394,Zhigansk,RU,66.7697,123.3711,-12.17,95,100,5.41,overcast clouds
395,Yerbogachen,RU,61.2767,108.0108,-15.79,99,83,6.38,broken clouds
396,Bom Jardim,BR,-7.7958,-35.5872,76.08,82,83,12.21,broken clouds
397,Owando,CG,-0.4819,15.8999,70.47,97,100,1.45,overcast clouds
398,Nyurba,RU,63.2842,118.3319,0.54,91,100,7.31,overcast clouds
399,Ugento,IT,39.9263,18.1574,42.46,68,23,11.48,few clouds
400,West Wendover,US,40.7391,-114.0733,31.95,27,0,8.59,clear sky
401,Kindu,CD,-2.95,25.95,73.62,88,100,2.51,overcast clouds
402,Kugulta,RU,45.3636,42.3889,30.78,69,100,12.68,overcast clouds
403,Asfi,MA,32.2994,-9.2372,55.9,81,1,9.8,clear sky
404,Teguise,ES,29.0605,-13.564,57.42,72,20,8.05,few clouds
405,Betioky,MG,-23.7167,44.3833,76.69,72,3,4.79,clear sky
406,Vila Franca Do Campo,PT,37.7167,-25.4333,57.61,65,100,14.05,overcast clouds
407,Sao Joao Da Barra,BR,-21.6403,-41.0511,80.69,82,23,13.67,few clouds
408,Kingaroy,AU,-26.5333,151.8333,68.04,100,100,6.91,overcast clouds
409,Port Blair,IN,11.6667,92.75,78.84,89,20,1.14,mist
410,Goderich,CA,43.7501,-81.7165,29.91,80,98,10.36,overcast clouds
411,Ocos,GT,14.5094,-92.1933,84.31,59,1,11.32,clear sky
412,Ust-Tarka,RU,55.5672,75.705,-5.58,98,97,6.46,overcast clouds
413,Solok,ID,-0.7918,100.6593,70.41,96,100,1.92,overcast clouds
414,Vila Velha,BR,-20.3297,-40.2925,76.95,83,20,6.91,few clouds
415,Chongqing,CN,29.5628,106.5528,67.1,78,14,1.99,few clouds
416,Kalispell,US,48.1958,-114.3129,31.66,39,98,3.0,overcast clouds
417,Vestmannaeyjar,IS,63.4427,-20.2734,46.17,88,100,25.17,overcast clouds
418,Venkatagiri,IN,13.9667,79.5833,70.09,67,26,2.42,scattered clouds
419,Kahului,US,20.8947,-156.47,82.98,74,4,13.0,clear sky
420,Stephenville,US,32.2207,-98.2023,73.49,28,0,8.05,clear sky
421,Cururupu,BR,-1.8283,-44.8683,75.2,95,100,2.8,overcast clouds
422,Abha,SA,18.2164,42.5053,63.72,49,44,3.47,scattered clouds
423,Puri,IN,19.8,85.85,75.72,72,32,6.04,scattered clouds
424,Auki,SB,-8.7676,160.7034,82.54,75,70,1.81,broken clouds
425,Mvuma,ZW,-19.2792,30.5283,62.78,67,93,10.16,overcast clouds
426,Aloleng,PH,16.1307,119.7824,77.32,75,92,6.93,overcast clouds
427,Ndjole,GA,-0.1783,10.7649,76.78,96,100,2.75,overcast clouds
428,Gat,IL,31.61,34.7642,56.08,100,20,20.04,few clouds
429,Didi Lilo,GE,41.7361,44.9647,35.38,87,75,8.05,broken clouds
430,Kasulu,TZ,-4.5767,30.1025,65.26,89,100,0.65,overcast clouds
431,Saravan,AM,39.7196,45.6483,28.9,91,98,4.29,light snow
432,Severnoye,RU,56.3491,78.3619,-14.57,99,100,5.48,overcast clouds
433,Esil,KZ,51.9556,66.4042,4.66,92,99,13.02,overcast clouds
434,Sindor,RU,62.8629,51.8905,0.21,95,16,6.26,few clouds
435,Haines Junction,CA,60.7522,-137.5108,30.15,51,100,2.3,overcast clouds
436,Andenes,NO,69.3143,16.1194,42.78,70,40,25.32,scattered clouds
437,Hamilton,US,39.1834,-84.5333,54.43,45,75,6.91,broken clouds
438,Hurghada,EG,27.2574,33.8129,59.34,31,14,22.97,few clouds
439,Jaguey Grande,CU,22.5269,-81.1286,87.03,42,30,8.34,scattered clouds
440,Pizarro,CO,4.9533,-77.366,81.37,75,32,8.37,scattered clouds
441,Vao,NC,-22.6667,167.4833,78.98,78,30,11.52,scattered clouds
442,Batemans Bay,AU,-35.7167,150.1833,57.09,71,11,2.82,few clouds
443,Irbil,IQ,36.1926,44.0106,53.42,66,21,11.5,few clouds
444,Tete,MZ,-16.1564,33.5867,72.61,88,70,1.3,broken clouds
445,Duku,NG,11.2361,4.9073,87.12,11,37,4.32,scattered clouds
446,Beatrice,US,40.2681,-96.747,24.89,68,100,4.61,overcast clouds
447,Cozumel,MX,20.5083,-86.9458,83.95,76,17,10.0,few clouds
448,Alofi,NU,-19.0595,-169.9187,77.86,82,100,5.21,light rain
449,Byron Bay,AU,-28.65,153.6167,66.94,86,96,9.57,overcast clouds
450,Illela,NG,13.7292,5.2975,84.74,14,37,10.8,scattered clouds
451,Sept-Iles,CA,50.2001,-66.3821,36.03,59,75,14.97,broken clouds
452,Comodoro Rivadavia,AR,-45.8667,-67.5,61.32,54,64,4.99,broken clouds
453,Dingle,PH,10.9995,122.6711,75.24,94,79,6.64,broken clouds
454,Santa Maria,BR,-29.6842,-53.8069,72.7,94,75,2.3,light rain
455,Tombouctou,ML,20.0,-3.0,73.83,12,1,12.71,clear sky
456,Knyaze-Volkonskoye,RU,48.4642,135.4567,30.54,94,22,7.87,few clouds
457,Caxito,AO,-8.5785,13.6643,77.81,90,80,3.15,broken clouds
458,Klaksvik,FO,62.2266,-6.589,45.52,83,100,26.33,overcast clouds
459,Mudanjiang,CN,44.5833,129.6,23.7,75,10,5.55,clear sky
460,Fuyang,CN,32.9,115.8167,56.57,60,0,4.79,clear sky
461,Tuatapere,NZ,-46.1333,167.6833,65.97,63,100,7.36,overcast clouds
462,Mende,FR,44.6667,3.5,34.34,97,100,6.33,overcast clouds
463,Golden,US,39.7555,-105.2211,25.66,63,100,5.99,overcast clouds
464,Culebra,PR,18.303,-65.301,81.0,65,16,13.0,few clouds
465,Alghero,IT,40.5589,8.3181,41.09,93,0,3.44,clear sky
466,Kirakira,SB,-10.4544,161.9205,83.57,74,79,0.67,broken clouds
467,Sibiti,CG,-3.6819,13.3499,71.83,97,100,1.74,overcast clouds
468,Kieta,PG,-6.2167,155.6333,81.72,75,76,1.43,broken clouds
469,Belaya Gora,RU,68.5333,146.4167,-17.75,100,99,3.42,overcast clouds
470,Kisumu,KE,-0.1022,34.7617,69.69,61,90,7.9,overcast clouds
471,Eureka,US,40.8021,-124.1637,61.12,63,62,5.99,broken clouds
472,Milan,IT,45.4643,9.1895,49.84,64,49,1.14,scattered clouds
473,Sovetskiy,RU,61.3614,63.5842,-17.75,100,24,3.02,few clouds
474,Mitsamiouli,KM,-11.3847,43.2844,82.62,78,100,13.73,overcast clouds
475,Nhulunbuy,AU,-12.2333,136.7667,83.01,83,40,4.61,scattered clouds
476,Caravelas,BR,-17.7125,-39.2481,77.5,80,44,5.28,scattered clouds
477,San Cristobal,VE,7.7669,-72.225,72.55,81,86,2.55,overcast clouds
478,Poum,NC,-20.2333,164.0167,81.63,69,61,13.02,broken clouds
479,Port Maria,JM,18.3685,-76.8895,87.04,82,32,12.59,scattered clouds
480,Ayagoz,KZ,47.9714,80.4392,4.41,98,90,9.06,overcast clouds
481,Danielskuil,ZA,-28.1887,23.5395,71.49,52,76,7.52,broken clouds
482,Manaus,BR,-3.1019,-60.025,78.13,85,57,1.95,broken clouds
483,Wanaka,NZ,-44.7,169.15,62.65,79,100,10.49,moderate rain
484,Balabac,PH,7.9868,117.0645,78.78,86,90,4.79,overcast clouds
485,Trinidad,BO,-14.8333,-64.9,77.04,96,100,4.12,overcast clouds
486,Jackson,US,42.4165,-122.8345,58.59,28,51,3.0,broken clouds
487,Ocampo,MX,21.65,-101.5,72.25,11,19,23.53,few clouds
488,Kloulklubed,PW,7.0419,134.2556,77.5,78,100,15.41,overcast clouds
489,Kushima,JP,31.4583,131.2333,53.62,70,100,2.33,overcast clouds
490,Pangody,RU,65.85,74.4859,-4.59,95,100,8.28,overcast clouds
491,Egvekinot,RU,66.3167,-179.1667,10.78,56,0,18.9,clear sky
492,Vangaindrano,MG,-23.35,47.6,75.38,92,38,3.38,light rain
493,Camana,PE,-16.6228,-72.7111,74.23,78,7,6.4,clear sky
494,Puerto Escondido,MX,15.85,-97.0667,85.14,56,4,9.17,clear sky
495,Camacupa,AO,-12.0167,17.4833,62.31,97,97,2.42,light rain
496,Kangaatsiaq,GL,68.3065,-53.4641,-8.46,99,98,5.06,overcast clouds
497,Havre-Saint-Pierre,CA,50.2334,-63.5986,30.56,80,75,23.02,broken clouds
498,Mecca,SA,21.4267,39.8261,73.71,83,27,6.87,scattered clouds
499,Carolina,PR,18.3808,-65.9574,78.66,88,75,14.97,broken clouds
500,Bakchar,RU,57.0186,82.0711,-23.28,100,95,2.64,overcast clouds
501,Mehamn,NO,71.0357,27.8492,39.15,70,75,28.77,broken clouds
502,Namikupa,TZ,-10.8333,39.6,71.47,97,100,2.98,overcast clouds
503,Blue Springs,US,39.0169,-94.2816,23.09,84,100,11.5,light snow
504,Sao Jose Da Coroa Grande,BR,-8.8978,-35.1478,80.1,74,91,9.86,overcast clouds
505,Butembo,CD,0.15,29.2833,64.24,55,100,2.95,overcast clouds
506,Bara,NG,10.3744,10.7288,82.4,18,94,9.42,overcast clouds
507,Bourail,NC,-21.5667,165.4833,81.73,63,60,6.22,broken clouds
508,Zaysan,KZ,47.4667,84.8667,23.94,95,91,3.4,light snow
509,Aguilas,ES,37.4063,-1.5829,54.66,79,99,1.81,overcast clouds
510,Ilhabela,BR,-23.7781,-45.3581,77.85,85,26,4.59,scattered clouds
511,Tondano,ID,1.3038,124.9112,66.29,93,87,0.54,overcast clouds
512,Ercis,TR,39.0287,43.3586,27.99,93,100,4.38,light snow
513,Navalmoral De La Mata,ES,39.8916,-5.5406,50.94,65,75,3.91,broken clouds
514,Shieli,KZ,44.1667,66.75,48.79,72,100,2.15,overcast clouds
515,Sistranda,NO,63.7256,8.834,44.56,70,100,9.78,overcast clouds
516,Tamuin,MX,21.9833,-98.75,89.42,33,55,10.71,broken clouds
517,Nouna,BF,12.7333,-3.8667,87.98,10,9,9.19,clear sky
518,Ucluelet,CA,48.9329,-125.5528,44.1,82,100,4.25,overcast clouds
519,Trogir,HR,43.5125,16.2517,40.78,38,0,11.5,clear sky
520,Yelnya,RU,54.5786,33.1837,8.31,94,27,6.49,scattered clouds
521,Araouane,ML,18.9048,-3.5265,75.16,10,5,11.79,clear sky
522,Omsukchan,RU,62.5333,155.8,6.93,97,100,1.54,overcast clouds
523,Loikaw,MM,19.6742,97.2094,69.42,64,45,2.86,scattered clouds
524,Mailsi,PK,29.8003,72.1758,68.18,37,3,5.41,clear sky
525,Ugoofaaru,MV,5.6667,73.0,82.08,74,1,5.01,clear sky
526,Taybad,IR,34.74,60.7756,66.02,46,100,9.46,overcast clouds
527,Rocha,UY,-34.4833,-54.3333,66.49,71,100,12.95,overcast clouds
528,Jhinjhana,IN,29.5167,77.2167,60.91,52,0,6.89,clear sky
529,Pasinler,TR,39.9803,41.6764,27.59,93,100,4.54,overcast clouds
530,Mao,ES,39.8885,4.2658,50.56,81,40,4.61,scattered clouds
531,Roswell,US,34.0232,-84.3616,67.73,68,13,3.0,few clouds
532,Tam Ky,VN,15.5667,108.4833,65.17,91,94,4.38,overcast clouds
533,Nagato,JP,34.3833,131.2,50.07,60,100,7.11,overcast clouds
534,Camacha,PT,33.0833,-16.3333,62.02,82,20,12.66,few clouds
535,Nyrob,RU,60.733,56.7202,-14.76,100,59,2.84,broken clouds
536,Kawhia,NZ,-38.0651,174.8183,70.5,54,14,10.25,few clouds
537,Brandon,US,27.9378,-82.2859,75.99,91,40,4.61,light intensity drizzle
538,Kokologo,BF,12.1897,-1.8856,85.14,10,30,10.42,scattered clouds
539,Itigi,TZ,-5.7,34.4833,62.53,95,71,4.12,broken clouds
540,Madang,PG,-5.2246,145.7966,78.62,83,76,4.34,broken clouds
541,Alta Floresta,BR,-9.8756,-56.0861,73.67,97,99,3.44,light rain
542,Lagoa,PT,39.05,-27.9833,57.02,58,100,25.61,overcast clouds
543,Kalengwa,ZM,-13.4659,25.0027,63.46,98,86,4.18,light rain
544,Hervey Bay,AU,-25.2986,152.8535,76.01,85,100,8.99,overcast clouds
545,Port Hardy,CA,50.6996,-127.4199,41.36,74,100,4.7,light rain
546,Norilsk,RU,69.3535,88.2027,-23.58,98,66,6.35,broken clouds
547,Dangriga,BZ,16.9692,-88.2321,82.13,76,3,8.75,clear sky
548,Dobson,US,36.3957,-80.7226,51.8,58,100,3.44,overcast clouds
549,Mayumba,GA,-3.432,10.6554,80.69,80,97,5.53,overcast clouds
550,Kizukuri,JP,40.8061,140.3861,41.41,75,100,4.81,overcast clouds
551,Hualmay,PE,-11.0964,-77.6139,75.04,75,72,10.16,broken clouds
552,Awjilah,LY,29.1081,21.2869,52.07,53,24,10.4,few clouds
553,Emerald,AU,-23.5333,148.1667,74.34,83,18,13.13,few clouds
554,Filadelfia,US,39.9523,-75.1638,51.82,52,99,1.01,overcast clouds
555,Abu Zabad,SD,12.35,29.25,81.37,17,68,24.74,broken clouds
556,Santiago Del Estero,AR,-27.7951,-64.2615,68.13,88,99,4.07,overcast clouds
557,Constitucion,CL,-35.3333,-72.4167,67.21,61,1,16.98,clear sky
558,Isangel,VU,-19.55,169.2667,82.51,78,40,0.0,scattered clouds
559,Moscow,RU,55.7522,37.6156,17.83,96,20,3.91,few clouds
560,Oriximina,BR,-1.7656,-55.8661,74.3,97,100,3.22,overcast clouds
561,Bengkulu,ID,-3.8004,102.2655,75.94,89,100,4.47,overcast clouds
562,Nantucket,US,41.2835,-70.0995,42.85,79,0,6.91,clear sky
563,Sandwick,GB,60.0,-1.25,46.22,87,20,20.71,few clouds
564,Tukrah,LY,32.5341,20.5791,52.25,55,11,15.01,few clouds
565,La Asuncion,VE,11.0333,-63.8628,77.47,82,98,11.5,overcast clouds
566,Steinen,DE,47.6445,7.7391,42.96,60,31,0.0,scattered clouds
567,Harper,LR,4.375,-7.7169,81.16,86,98,8.57,overcast clouds
568,Sherpur,BD,25.0188,90.0175,69.24,28,6,5.82,clear sky
569,Kuah,MY,6.3265,99.8432,80.08,76,92,10.85,overcast clouds
570,Quang Ngai,VN,15.1167,108.8,65.68,92,100,5.14,overcast clouds
571,Maniitsoq,GL,65.4167,-52.9,-7.17,93,46,6.67,scattered clouds
572,Hovd,MN,48.0056,91.6419,24.01,54,2,10.76,clear sky
573,Port Shepstone,ZA,-30.7414,30.455,72.79,84,34,6.82,scattered clouds
574,Dudinka,RU,69.4058,86.1778,-23.39,100,98,5.93,overcast clouds
575,Toppenish,US,46.3774,-120.3087,48.2,30,76,1.32,broken clouds
576,Dali,CN,25.7,100.1833,50.36,57,7,4.65,clear sky
577,Mumbwa,ZM,-14.9783,27.0619,63.93,95,48,4.27,scattered clouds
578,Nefteyugansk,RU,61.0998,72.6035,-23.84,100,59,5.61,broken clouds
579,Humboldt,US,40.6665,-123.9178,52.05,40,51,6.46,broken clouds
580,Urengoy,RU,65.9667,78.3667,0.84,95,100,8.01,overcast clouds
581,Tabas,IR,33.5959,56.9244,73.06,34,100,9.6,overcast clouds
582,Okoneshnikovo,RU,54.8377,75.0834,-3.01,98,89,6.6,overcast clouds
583,Atar,MR,20.5169,-13.0499,74.61,11,0,9.4,clear sky
584,Houma,US,29.5958,-90.7195,73.0,62,37,5.01,scattered clouds
585,Sobolevo,RU,54.4299,31.8996,9.3,93,25,6.51,scattered clouds
586,Akyab,MM,20.15,92.9,70.92,63,9,7.87,clear sky
587,Argelia,CO,2.2556,-77.2488,69.69,93,85,1.88,light rain
588,Balotra,IN,25.8333,72.2333,74.79,28,0,7.74,clear sky
589,Santa Marta De Tormes,ES,40.9506,-5.6272,46.98,77,0,9.22,clear sky
590,Coruripe,BR,-10.1256,-36.1756,79.34,78,72,10.02,broken clouds
591,Bhakkar,PK,31.6253,71.0657,67.68,40,0,3.0,clear sky
592,Shimoda,JP,34.6667,138.95,47.1,64,3,4.99,clear sky
593,Fukue,JP,32.6881,128.8419,59.34,66,100,6.93,overcast clouds
594,Escanaba,US,45.7453,-87.0646,22.96,43,0,9.22,clear sky
595,Muriwai Beach,NZ,-36.8167,174.45,71.87,57,39,11.18,scattered clouds
596,Praia Da Vitoria,PT,38.7333,-27.0667,56.75,72,100,16.98,overcast clouds
597,Vung Tau,VN,10.346,107.0843,75.92,84,100,10.27,overcast clouds
598,Aktau,KZ,43.65,51.2,37.98,76,100,14.03,overcast clouds
599,Aksu,CN,41.1231,80.2644,47.44,38,71,6.58,broken clouds
600,Kibala,TD,9.1104,18.3463,88.57,25,82,4.83,broken clouds
601,Moose Factory,CA,51.2585,-80.6094,7.95,81,100,7.45,overcast clouds
602,Kaeo,NZ,-35.1,173.7833,73.33,67,64,10.42,broken clouds
603,Neulengbach,AT,48.1974,15.9022,34.39,55,0,8.99,clear sky
604,Sumkino,RU,58.1108,68.3244,-20.18,100,51,3.2,broken clouds
605,Payson,US,40.0444,-111.7321,32.25,46,40,25.32,scattered clouds
606,Concarneau,FR,47.875,-3.9225,49.82,90,93,16.73,overcast clouds
607,Lev Tolstoy,RU,53.2134,39.446,9.61,89,61,15.64,broken clouds
608,Coroico,BO,-16.1889,-67.7271,66.49,96,92,1.97,overcast clouds
609,Torrington,US,41.8007,-73.1212,47.64,59,99,1.01,overcast clouds
610,Rio Claro,BR,-22.4114,-47.5614,76.37,66,53,2.37,broken clouds
611,Mantua,IT,45.1667,10.7833,43.84,64,6,3.0,clear sky
612,Bairiki,KI,1.3292,172.9752,80.02,81,61,11.63,light rain
613,Barroquinha,BR,-3.0189,-41.1361,74.68,96,100,3.78,moderate rain
614,Marinette,US,45.1,-87.6307,23.05,42,0,10.36,clear sky
615,Pangnirtung,CA,66.1451,-65.7125,-11.31,94,99,1.54,overcast clouds
616,Jacareacanga,BR,-6.2222,-57.7528,76.1,87,82,0.81,broken clouds
617,Dolgorukovo,RU,52.3195,38.3453,10.98,84,89,17.87,overcast clouds
618,Diebougou,BF,10.9667,-3.25,89.83,14,77,4.59,broken clouds
619,Strezhevoy,RU,60.7333,77.5889,-15.11,99,82,6.31,broken clouds
620,Samalkha,IN,29.2333,77.0167,62.73,43,0,6.35,clear sky
621,Sola,VU,-13.8833,167.55,83.03,73,87,10.33,overcast clouds
622,Surt,LY,31.2089,16.5887,54.61,57,30,4.9,scattered clouds
623,Monroe,US,43.1501,-77.6831,42.46,69,75,11.5,broken clouds
624,Blagoyevo,RU,63.3667,47.9167,10.71,95,96,9.22,overcast clouds
625,Mildura,AU,-34.2,142.15,59.07,70,0,12.71,clear sky
626,Guarapari,BR,-20.6667,-40.4975,77.81,83,78,9.82,broken clouds
627,Sayyan,YE,15.1718,44.3244,58.06,21,71,1.86,broken clouds
628,Myanaung,MM,18.2833,95.3167,76.48,45,57,3.2,broken clouds
629,Vryheid,ZA,-27.7695,30.7917,63.21,98,83,2.55,broken clouds
630,Dourbali,TD,11.8091,15.8632,84.78,15,38,17.29,scattered clouds
631,Papara,BR,-3.9839,-38.7273,81.68,89,100,4.0,overcast clouds
632,Januaria,BR,-15.4833,-44.3667,76.62,64,68,2.33,light rain
633,Inhambane,MZ,-23.865,35.3833,75.76,85,9,9.15,clear sky
634,Reo,BF,12.3167,-2.4667,88.05,10,21,9.62,few clouds
635,Melnikovo,RU,56.5558,84.085,-8.75,99,99,4.32,overcast clouds
636,Dillon,US,34.4166,-79.3712,51.12,80,100,6.93,overcast clouds
637,Bucerias,MX,20.75,-105.3333,75.18,60,0,14.97,clear sky
638,Marsabit,KE,2.3284,37.9899,71.94,39,93,10.8,overcast clouds
639,Caucaia,BR,-3.7361,-38.6531,83.03,78,75,6.91,broken clouds
640,North Platte,US,41.1239,-100.7654,22.24,52,100,13.8,overcast clouds
641,Bathsheba,BB,13.2167,-59.5167,79.41,69,40,20.71,scattered clouds
642,Barga,IT,44.0742,10.4808,43.43,78,22,3.36,few clouds
643,Catuday,PH,16.2923,119.8062,76.39,75,89,6.04,overcast clouds
644,Ranong,TH,9.9658,98.6348,75.97,89,89,3.78,overcast clouds
645,Rathkeale,IE,52.5244,-8.9381,47.71,71,75,20.71,light rain
646,Katangli,RU,51.7102,143.2326,17.17,96,75,8.9,broken clouds
647,Jalu,LY,29.0331,21.5482,51.93,51,10,10.22,clear sky
648,Sinegorye,RU,62.0788,150.477,3.18,90,100,1.3,overcast clouds
649,Mareeba,AU,-17.0,145.4333,77.72,95,100,1.36,overcast clouds
650,Misratah,LY,32.3754,15.0925,54.41,57,23,2.39,few clouds
651,Arriaga,MX,16.2333,-93.9,87.58,49,3,9.24,clear sky
652,Kawalu,ID,-7.3817,108.2082,72.01,92,100,2.8,overcast clouds
653,Price,US,39.5994,-110.8107,33.12,24,0,20.71,clear sky
654,Puerto Leguizamo,CO,-0.1934,-74.7819,84.87,65,98,2.37,overcast clouds
655,Krasnoselkup,RU,65.7,82.4667,-13.79,100,100,3.15,overcast clouds
656,Tazovskiy,RU,67.4667,78.7,-5.03,97,97,7.14,overcast clouds
657,Dalnerechensk,RU,45.9339,133.7225,22.66,96,19,8.16,few clouds
658,Vite,IN,17.2833,74.55,79.47,37,92,7.11,overcast clouds
659,Bambanglipuro,ID,-7.95,110.2833,75.69,89,100,2.75,overcast clouds
660,Boffa,GN,10.1667,-14.0333,76.5,81,2,3.4,clear sky
661,Hailar,CN,49.2,119.7,10.31,82,12,15.39,few clouds
662,Conceicao Do Araguaia,BR,-8.2578,-49.2647,76.6,88,100,0.96,light rain
663,Shitanjing,CN,39.2342,106.3439,49.14,49,100,2.48,overcast clouds
664,Medveditskiy,RU,50.7852,44.7129,20.12,93,100,13.94,light snow
665,Upington,ZA,-28.4478,21.2561,81.23,43,55,7.76,broken clouds
666,Hohhot,CN,40.8106,111.6522,44.51,38,100,10.04,overcast clouds
667,Chowchilla,US,37.123,-120.2602,71.02,17,0,16.11,clear sky
668,Ewa Beach,US,21.3156,-158.0072,84.15,61,0,9.22,clear sky
669,Arman,RU,59.7,150.1667,16.83,79,100,7.96,overcast clouds
670,Duvan,RU,55.695,57.9024,-4.2,98,40,6.51,scattered clouds
671,Salvador,SV,13.8333,-88.9167,82.06,41,17,9.89,few clouds
672,Valdemarpils,LV,57.3707,22.5919,27.01,53,95,7.11,overcast clouds
673,Marzuq,YE,14.4,46.4667,65.71,21,20,6.67,few clouds
674,Karasburg,NA,-28.0167,18.75,77.86,51,76,3.53,light rain
675,Qujing,CN,25.4833,103.7833,47.5,95,7,3.29,clear sky
676,Skjervoy,NO,70.0311,20.9714,40.57,78,65,41.47,light rain
